Id_LP;Age;Sex;Nationality;Native_language;Education;Professional_degree;Employment_main;Current_year_study;Institution_type;Time_ spent;Domain;Topic;Experience_time;Id_ LO_1;URL_1;Query_1;Reason_1;Id_ LO_2;URL_2;Query_2;Reason_2;Id_ LO_3;URL_3;Query_3;Reason_3;Comments;LP_documents_extension;Documents_language;Documents_type
1;45-49 years old;Man;Chilean;Spanish;PhD;Laws;Lecturer;;Higher-level institution;5;Law ;Inheritance law in Chile;> 10 years;5011;https://www.bcn.cl/leyfacil/recurso/testamentos;¿Quiénes no pueden ser herederos en Chile?;calidad la fuente, facilidad del texto;5012;https://www.bcn.cl/leyfacil/recurso/posesion-efectiva-sin-testamento;¿Quienes se consideran herederos en Chile?;calidad de la fuente, facilidad del lenguaje;5013;https://sites.google.com/site/posesioneschile/preguntas-frecuentes/-quienes-son-los-herederos;No disponible... esta fuente repite lo consignado en fuentes previas;faltan fuentes fidedignas;No he logrado dar con tres documentos que satisfagan tu exigencia. Apenas con dos, que lo hace a medias.;Short;Spanish;Text
2;40-44 years old;Man;Ecuadorian;Spanish;PhD;Business;Lecturer;;Higher-level institution;5;Finance ;Investment projects;4-5 years;2011;https://raimon.serrahima.com/ebooks/CuadernoContabilidad.pdf;Textos para no financieros;Comprensión de la lectura;2012;http://www.ptolomeo.unam.mx:8080/jspui/bitstream/132.248.52.100/14572/11/Material%20Did%C3%A1ctico.%20Finanzas%20para%20no%20Financieros.pdf;Libro de finanzas para no financieros;Facilidad y comprensión en la lectura;2013;https://www.eoi.es/es/file/18219/download?token=b2b35lFT;Textos para no financieros;Fácil lectura de los conceptos más utilizados en el campo de las finanzas;;Long;Spanish;Text
3;40-44 years old;Man;Ecuadorian;Spanish;PhD;Statistics;Lecturer;;Higher-level institution;5;Computer ;Artificial neural networks;2-3 years;1011;https://en.wikipedia.org/wiki/Machine_learning;machine learning;Vocabulario;1012;https://en.wikipedia.org/wiki/Big_data;big data;Buenba descripción;1013;https://www.youtube.com/watch?v=X3paOmcrTjQ;data science;buen video explicativo;;Short;English;Text/Multimedia
5;60 years or older;Man;Chilean;Spanish;PhD;Computer engineering;Lecturer;;Higher-level institution;5;Computer ;Artificial neural networks;> 10 years;1021;https://puentesdigitales.com/2017/10/18/guia-para-aprender-inteligencia-artificial-sin-excusas-escribe-tu-primera-red-neuronal/;redes neuronales tutorial;Complejidad,  tamaño, ejemplos;1022;https://www.frro.utn.edu.ar/repositorio/catedras/quimica/5_anio/orientadora1/monograias/matich-redesneuronales.pdf;redes neuronales basico;faciliodad lectura, facilidad comprension, contenido;1023;http://ciencia.unam.mx/leer/773/redes-neuronales-artificiales-contribuyen-en-el-desarrollo-de-aplicaciones-en-beneficio-humano;redes neuronales aplicaciones;Buena difusion, aplicaciones;;Long;Spanish;Text
7;35-39 years old;Man;Chilean;Spanish;PhD;Computer engineering;Student;1st year;Research group;5;Computer ;Artificial neural networks;< 1 year;1031;https://www.xataka.com/robotica-e-ia/las-redes-neuronales-que-son-y-por-que-estan-volviendo;redes neuronales y redes profundas;rápido de leer y presenta los conceptos básicos de redes neuronales;1032;http://www.aprendemachinelearning.com/como-funcionan-las-convolutional-neural-networks-vision-por-ordenador/;redes neuronales , redes profundas futuro;entrega concepto generales de redes neuronales profundas y su relación con las redes neuronales clásicas ;1033;https://es.mathworks.com/discovery/deep-learning.html;redes neuronales diferencia redes profundas;entrega conceptos más técnicos que serían importantes si la persona quiere profundizar en el tema;El proyecto se ve muy interesante, quizá por ser temas complejos los estudiantes podrían tener un poco más de tiempo para revisar los documentos seleccionados;Short;Spanish;Text
8;55-59 years old;Man;Ecuadorian;Spanish;PhD;Computer engineering;Lecturer;;Higher-level institution;5;Computer ;Artificial neural networks;< 1 year;1041;https://www.youtube.com/watch?v=V5BYRPJThjE;Redes neuronales profundas;Es importante motivar al estudiante sobre el tema a ser tratado y una de las mejores formas es a través de un video;1042;https://apyrna.wordpress.com/;tipos de redes neuronales + información publicada en el último mes;Es un blog relacionado con aprendizaje profundo e inteligencia artificial y puede ser usado como fuente de consulta;1043;https://www.frro.utn.edu.ar/repositorio/catedras/quimica/5_anio/orientadora1/monograias/matich-redesneuronales.pdf;teoria redes neuronales;es un documento explicativo;Muy interesante la encuesta;Long;Spanish;Text/Multimedia
9;30-34 years old;Woman;Argentinian;Spanish;PhD;Computer engineering;Student;3rd year;Higher-level institution;5;Computer ;Artificial neural networks;< 1 year;1051;https://www.tuinteligenciaartificial.es/las-redes-neuronales-en-la-inteligencia-artificial-explicacion-clara-y-sencilla/;redes neuronales inteligencia artificial;Lectura rápida, con ejemplos claros.;1052;https://zonaia.com/tutoriales-machine-learning/redes-neuronales-profundas/;redes neuronales convencionales y profundas;Porque da una introducción de lo que son las redes neuronales convencionales y las profundas, da un ejemplo de como funcionan y como elegir una red neuronal.;1053;https://www.xataka.com/robotica-e-ia/las-redes-neuronales-que-son-y-por-que-estan-volviendo;aplicabilidad de redes neuronales convencionales y profundas;Articulo completo, con detalles un poco mas técnicos pero con varios aspectos a considerar, dando ejemplos de los SW que las utilizan. ;"Podrían dar un detalle de cual es el experimento que quieren lograr con esta encuesta. Me parece muy interesante y valioso lo que están realizando y me da intriga saber que es. 
La encuesta por su parte es muy clara. Lo único que si remarcaría es el objetivo: 
""inteligencia computacional, redes neuronales convencionales, redes neuronales profundas, son mencionadas a menudo, pero ¿qué son?, ¿cómo funcionan?, ¿en qué se diferencian?""
Porque a veces se pierde que es lo que buscamos.";Short;Spanish;Text
10;55-59 years old;Woman;Argentinian;Spanish;Bachelor;Computer engineering;Lecturer;;Research group;5;Computer ;Artificial neural networks;> 10 years;1061;http://www.cs.us.es/~fsancho/?e=72;red neuronal;confiabilidad del material, publicado en sitio de universidad pública argentina;1062;https://la.mathworks.com/discovery/neural-network.html;red neuronal qué es;sitio cofiable de mathlab;1063;https://adictec.com/que-son-las-redes-neuronales/;redes neuronales ejemplos;valoración de google;Este análisis me llevó a pensar un poco en la forma de enseñanza. Gracias por hacerme pensar un momento en el tema;Short;Spanish;Text
11;40-44 years old;Man;Ecuadorian;Spanish;PhD;Computer engineering;Lecturer;;Higher-level institution;5;Computer ;Artificial neural networks;2-3 years;1071;https://medium.com/@williamkhepri/redes-neuronales-que-son-a64d022298e0;redes neuronales medium;En general los posts escritos en Medium son fáciles de leer y están bien escritos. En este caso, la complejidad y el vocabulario me parecieron adecuados. Además tiene un importante contexto histórico que me parece fundamental para aprender cualquier tema.;1072;https://medium.com/espanol/avances-en-redes-neuronales-705c2efe53d2;medium redes neuronales;es más avanzado que el anterior, enfocándose en los últimos avances de redes neuronales.;1073;https://medium.com/datos-y-ciencia/ense%C3%B1ando-a-una-red-neuronal-a-hablar-espa%C3%B1ol-y-resolver-problemas-matem%C3%A1ticos-8ae3361a8203;redes neuronales medium;es una aplicación específica.;Fue interesante buscar información para público general en el tema. Exitos en el estudio!;Short;Spanish;Text
12;40-44 years old;Man;Chilean;Spanish;PhD;Electronic engineering;Student;1st year;Research group;5;Computer ;Artificial neural networks;< 1 year;1081;http://blog.dropscore.com/las-redes-neuronales-artificiales-y-sus-aplicaciones/;aplicaciones redes neuronales artificiales;Tiene un tamaño adecuado, hace un barrido desde los conceptos hasta las aplicaciones, que pueden ser percibidas por un adolescente .;1082;http://www.aprendemachinelearning.com/breve-historia-de-las-redes-neuronales-artificiales/;historia de las redes neuronales artificiales;Explica los conceptos de redes neuronales desde el punto de vista histórico;1083;http://www.aprendemachinelearning.com/crear-una-red-neuronal-en-python-desde-cero/;como hacer una red neuronal paso a paso;Permite mostrar cómo implementar una red neuronal y aplicar a un robot móvil.;;Short;Spanish;Text
13;45-49 years old;Woman;Venezuelan;Spanish;Master;Business;Lecturer;;Higher-level institution;5;Finance ;Investment projects;> 10 years;2021;http://www.eumed.net/ce/2008b/jtd.htm;Formulación y evaluación de proyectos de inversión;Este documento se encuentra en una de las páginas de mayor consulta para economistas. El lenguaje, aunque técnico, es de fácil comprensión además de ofrecer un esquema y estructura apta para el público no economista. Resume los componentes de un proyecto de inversión.;2022;http://www.fao.org/3/I8097ES/i8097es.pdf;Proyecto de inversión agrícola;La formulación y evaluación de proyectos de inversión suele estar más generalmente desarrollada para proyectos no agrícolas, por lo que cuando se presentan la necesidad u oportunidad, muchos estudiantes no saben a donde recurrir. La FAO a desarrollado esta guía que contiene gran cantidad de aspectos y elementos necesarios para elaborar una propuesta de inversión en el área agrícola.;2023;https://repositorio.cepal.org/bitstream/handle/11362/1681/S3389I59G_es.pdf?sequence=1&isAllowed=y;Guía para elaborar proyectos de inversión;Los textos generalmente empleados para dictar los cursos de formulación y evaluación de proyectos (por ejemplo: Preparación y evaluación de proyectos: Sapag. Evaluación de proyectos: Baca) son textos bastante más extensos que esta guía. No obstante se requieren ciertos conocimientos de matemática financiera y el manejo de excel u otro programa para realizar los cálculos.;Es difícil encontrar textos de 20 páginas en este tema que requiere un conocimiento medio para elaborar proyectos de inversión. Podrían emplearse los recursos de presentaciones o discursos de importantes consultores o expertos en el área de emprendimiento o de proyectos, pero la elaboraci{on de un proyecto de inversión demanda aún más tiempo, lectura y análisis.;Long;Spanish;Text
14;35-39 years old;Man;Ecuadorian;Spanish;Bachelor;Physics;Lecturer;;Higher-level institution;3;Physics ;Quantum computing;6-9 years;4011;https://es.wikipedia.org/wiki/Computaci%C3%B3n_cu%C3%A1ntica;computación cuántica;En el área de ciencias exactas, tales como matemáticas, computación, física la pagina de Wikipedia es una excelente y primera referencia para situarse en el tema. ;4012;http://www.scielo.org.mx/pdf/rmfe/v61n1/v61n1a8.pdf;Consulta;comprensión de lectura;4013;https://repository.eafit.edu.co/bitstream/handle/10784/2367/OrtizRojas_Hernan_2007.pdf?sequence=1;Consulta;explicación detallada;;Long;Spanish;Text
15;25-29 years old;Man;Chilean;Spanish;PhD;Computer engineering;Lecturer;;Higher-level institution;5;Computer ;Artificial neural networks;6-9 years;1091;http://ramanujan25449.blogspot.com/2017/10/redes-neuronales-y-aprendizaje-profundo.html;redes profundas vs redes neuronales;Ofrece información completa y adaptada a público no especializado;1092;https://rubenlopezg.wordpress.com/2014/05/07/que-es-y-como-funciona-deep-learning/;deep learning explicado;Información muy completa pero entra en detalle en conceptos más avanzados que no son necesarios para entender lo esencial y pueden confundir a lectores más novatos.;1093;http://www.aprendemachinelearning.com/como-funcionan-las-convolutional-neural-networks-vision-por-ordenador/;redes convolucionales;Explica los conceptos en detalle pero profundiza en aspectos de muy bajo nivel y carece de una sección de motivación para entusiasmar al lector.;;Short;Spanish;Text
16;25-29 years old;Man;Chilean;Spanish;PhD;Computer engineering;Student;1st year;Higher-level institution;5;Computer ;Artificial neural networks;2-3 years;1101;http://ramanujan25449.blogspot.com/2017/10/redes-neuronales-y-aprendizaje-profundo.html;aprendizaje profundo y redes neuronales;En general se ve bien completo y redactado, además cuenta con buenas ilustraciones.;1102;https://es.mathworks.com/discovery/deep-learning.html;aprendizaje profundo y redes neuronales;En general se ve bien redactado;1103;https://planetachatbot.com/inteligencia-artificial-aprendizaje-autom%C3%A1tico-y-aprendizaje-profundo-862ca9790bb9;como funciona una red neuronal aprendizaje profundo;En general se ve bueno y puede complementar bien los otros 2;;Short;Spanish;Text
17;45-49 years old;Man;Chilean;Spanish;PhD;Computer engineering;Lecturer;;Higher-level institution;5;Computer ;Artificial neural networks;< 1 year;1111;https://www.youtube.com/watch?v=6vwfT3-mBBw;redes neuronales  (opción videos);Simplicidad de la explicación para el estudiante;1112;http://www.cs.us.es/~fsancho/?e=72;redes neuronales;Explicación didáctica del tema;1113;https://es.wikipedia.org/wiki/Red_neuronal_artificial;redes neuronales;Wikipedia es una fuente autorizada, material detallado;;Short;Spanish;Text/Multimedia
18;40-44 years old;Woman;Ecuadorian;Spanish;Master;Computer engineering;Lecturer;;Higher-level institution;5;Computer ;Artificial neural networks;< 1 year;1121;http://avellano.fis.usal.es/~lalonso/RNA/index.htm;Redes neuronales;el título sencillo y el resumen incial;1122;https://thales.cica.es/rd/Recursos/rd98/TecInfo/07/capitulo2.html;Redes neuronales;El título que menciona fundamentos;1123;http://www.cs.us.es/~fsancho/?e=72;El título;El título;Las páginas web no siempre tienen referencias adecuadas. Yo trabajo con bases de datos digitales o al menos google académico, sería más beneficicio recomendar documentos académicos con citaciones.;Short;Spanish;Text
19;18-24 years old;Man;Chilean;Spanish;Bachelor;Computer engineering;Student;5th year;Higher-level institution;4;Computer ;Artificial neural networks;< 1 year;1131;http://sedici.unlp.edu.ar/bitstream/handle/10915/56978/Documento_completo.pdf-PDFA.pdf?sequence=1&isAllowed=y;redes neuronales astronomia;Corto y preciso. Habla de la taxonomía de catálogos astronómicos de una manera sencilla.;1132;http://scielo.isciii.es/pdf/edu/v8n1/original2.pdf;redes neuronales clasificacion;Compara con métodos estadísticos. Explica resultados mediante tablas y figuras. Resultados interesantes.;1133;http://www.adicciones.es/index.php/adicciones/article/view/623;redes neuronales prediccion;Tema contingente. Explica método de investigación. ;;Long;Spanish;Text
21;40-44 years old;Man;French;French;PhD;Computer engineering;Lecturer;;Higher-level institution;5;Computer ;Artificial neural networks;2-3 years;1141;https://towardsdatascience.com/how-to-build-your-own-neural-network-from-scratch-in-python-68998a08e4f6;Neural Network from Scratch;Conozco este documento, y es de buena calidad;1142;https://agileartificialintelligence.github.io;"""agile artificial intelligence"" pharo";Es el libro que estoy escribiendo, y es adecuado para gente que quieren aprender;1143;https://en.wikipedia.org/wiki/Backpropagation;backpropagation;La pagina de Wikipedia contiene una buena descripción de backpropagación, un algoritmo importante para entrenar una red neuronal;;Long;English;Text
22;25-29 years old;Man;Chilean;Spanish;Master;Data Scientist;Lecturer;;Higher-level institution;5;Computer ;Artificial neural networks;4-5 years;1151;https://iartificial.net/redes-neuronales-desde-cero-i-introduccion/;redes neuronales;Complejidad de la lectura, explicacion de lo más general a lo especifico sin asumir muchos conocimientos previos;1152;https://es.slideshare.net/daniatacho/red-neuronal-artificial-ia;redes neuronales;Parecido al primero, pero esta hecha en una presentacion en formato generico, y no para un hablante que no necesariamente tiene una experiencia en el campo.;1153;https://www.deeplearningitalia.com/una-breve-mirada-al-aprendizaje-profundo-y-el-aprendizaje-automatico/;aprendizaje profundo;Muestra de forma muy generica lo que son las redes neuronales profundas, pero sirve para despertar el interes del lector y entender casos de uso.;;Short;Spanish;Text
24;18-24 years old;Man;Ecuadorian;Spanish;Bachelor;Computer engineering;Student;6th year;Higher-level institution;5;Computer ;Artificial neural networks;< 1 year;1161;https://www.frro.utn.edu.ar/repositorio/catedras/quimica/5_anio/orientadora1/monograias/matich-redesneuronales.pdf;redes neuronales.pdf;Tiene un buen antecedente y te describe por generalidades;1162;http://www.sc.ehu.es/ccwbayes/docencia/mmcc/docs/t8neuronales.pdf;redes neuronales.pdf;Por las ecuaciones y detalles que te describen en las figuras;1163;http://www.iac.es/sieinvens/SINFIN/Sie_Courses_PDFs/NNets/confiac.pdf;redes neuronales.pdf;Se debe por el amplio área de trabajo que tiene este estudio de investigación y como aplicarlo en cada ámbito;Un tema de muy buen interés ;Long;Spanish;Text
27;45-49 years old;Woman;Argentinian;Spanish;PhD;Computer engineering;Lecturer;;Higher-level institution;4;Computer ;Artificial neural networks;4-5 years;1171;https://es.wikipedia.org/wiki/Red_neuronal_artificial;redes neuronales;simplicidad de la lectura, cantidad de información;1172;http://halweb.uc3m.es/esp/Personal/personas/jmmarin/esp/DM/tema3dm.pdf;Introduccion a redes neuronales;"vocabulario, analogias con la biologia y la definicion de ""Que es?"" y ""Para que sirve?""";1173;http://sedici.unlp.edu.ar/bitstream/handle/10915/1374/2-_Redes_neuronales_artificiales.pdf?sequence=6&isAllowed=y;sedici redes neuronales;simple, completo;;Long;Spanish;Text
28;40-44 years old;Woman;Chilean;Spanish;Bachelor;Geographical engineering;Lecturer;;Higher-level institution;5;Finance ;Investment projects;< 1 year;2031;http://sni.ministeriodesarrollosocial.gob.cl/evaluacion-iniciativas-de-inversion/evaluacion-ex-ante/metodologias-y-precios-sociales-nuevos-sectores/;Metodología de proyectos de inversión social ;Porque no se enseña en las universidades ;2032;https://economipedia.com/definiciones/modelo-valoracion-activos-financieros-capm.html;capm;para valuar activos tomando en cuenta su riesgo;2033;"http://prebip2.ministeriodesarrollosocial.gob.cl/bip2-trabajo/app/login;jsessionid=F4D123955272E30D5DE1C0B2DB1C7803";Banco integrado de proyectos ;Es importante saber llenar una solicitud de proyecto al gobierno;Mucho del trabajo en el gobierno no se ven en la universidad,  se aprende en el camino. ;Short;Spanish;Text
31;35-39 years old;Man;Chilean;Spanish;PhD;Computer engineering;Lecturer;;Higher-level institution;5;Computer ;Artificial neural networks;> 10 years;1181;https://www.frro.utn.edu.ar/repositorio/catedras/quimica/5_anio/orientadora1/monograias/matich-redesneuronales.pdf;redes neuronales conceptos básicos;Índice de contenidos;1182;http://halweb.uc3m.es/esp/Personal/personas/jmmarin/esp/DM/tema3dm.pdf;Redes neuronales introducción;primeras apariciones en buscador a consulta, contenido introductorio;1183;https://es.wikipedia.org/wiki/Red_neuronal_artificial;red neuronal wikipedia;Siempre busco en Wikipedia cuando me estoy introduciendo en un nuevo concepto;;Long;Spanish;Text
32;35-39 years old;Man;Venezuelan;Spanish;Bachelor;Computer engineering;Student;5th year;Higher-level institution;5;Computer ;Artificial neural networks;< 1 year;1191;https://catedras.facet.unt.edu.ar/intar/wp-content/uploads/sites/31/2017/04/4-Redes-Neuronales-Parte-III.pdf;redes neuronales convencionales y redes neuronales profundas pdf;Tamaño, facilidad de lectura y diversidad de ejemplos.;1192;https://iaarbook.github.io/deeplearning/;redes neuronales convencionales y redes neuronales profundas pdf;Amplía y contextualiza de forma muy didáctica el tema;1193;http://prof.usb.ve/mvillasa/redes/Introduccion-vl.pdf;introduccion a las redes neuronales;Profundiza, introduce a la idea de formulación de manera fácil. Buena estructuración partiendo de la conexiones sinápticas.;Gracias por este tipo de iniciativas. Muy interesantes y gratificantes. Me gustaría participar en otras de ser posible.;Short;Spanish;Text
33;45-49 years old;Man;Chilean;Spanish;PhD;;Lecturer;;Higher-level institution;5;Computer ;Artificial neural networks;< 1 year;1201;https://es.quora.com/D%C3%B3nde-se-puede-aplicar-el-aprendizaje-profundo;quora aprendizaje profundo;quora es un sitio de preguntas y respuestas breves que provee información provenientes de expertos y de personas con cierta expertise en el tema que se busca;1202;https://www.guru99.com/deep-learning-tutorial.html;deep learning tutorial;explica se forma sucinta que es el deep learning o aprendizaje profundo;1203;https://ocw.ehu.eus/file.php/102/redes_neuro/contenidos/pdf/libro-del-curso.pdf;Fácil información;manual para redes neuronales;;Long;Spanish/English;Text
34;35-39 years old;Man;Chilean;Spanish;PhD;;Lecturer;;Higher-level institution;5;Computer ;Artificial neural networks;6-9 years;1211;https://www.xataka.com/robotica-e-ia/las-redes-neuronales-que-son-y-por-que-estan-volviendo;redes neuronales basico;presenta ejemplos cotidianos, extensión apropiada, fácil de entender y entretenido de leer;1212;https://www.ibm.com/support/knowledgecenter/es/SS3RA7_sub/modeler_mainhelp_client_ddita/components/neuralnet/neuralnet_model.html;redes neuronales simplificadas;Explicación muy concisa y clara. Aunque falta profundidad, entrega muy buena visión global;1213;https://www.monografias.com/trabajos95/redes-neuronales-artificiales-metodologia-desarrollo-y-aplicaciones/redes-neuronales-artificiales-metodologia-desarrollo-y-aplicaciones.shtml;redes neuronales artificiales introduccion;Introducción clara, buena profundidad de contenidos, aunque mucha matemáticas para estudiantes con poco dominio ;;Short;Spanish;Text
35;40-44 years old;Man;Chilean;Spanish;Master;Computer engineering;Lecturer;;Higher-level institution;5;Computer ;Artificial neural networks;< 1 year;1221;https://www.tesisenred.net/bitstream/handle/10803/9441/tjjmm1de1.pdf?sequence=1;redes neuronales articulos cientificos;Su aplicación;1222;https://www.frro.utn.edu.ar/repositorio/catedras/quimica/5_anio/orientadora1/monograias/matich-redesneuronales.pdf;redes neuronales ejemplos;Aterrizar conceptos;1223;https://www.aprendemachinelearning.com/crear-una-red-neuronal-en-python-desde-cero/;redes neuronales python;Construir una red real;Éxito;Long;Spanish;Text
38;25-29 years old;Man;Chilean;Spanish;PhD;Computer engineering;Student;2nd year;Higher-level institution;5;Computer ;Artificial neural networks;< 1 year;1231;https://iartificial.net/redes-neuronales-desde-cero-i-introduccion/;redes neuronales introduccion;Página muy completa, con ejemplos y figuras;1232;https://www.xataka.com/robotica-e-ia/las-redes-neuronales-que-son-y-por-que-estan-volviendo;redes neuronales;Documento sencillo de leer, con bastantes referencias externas (links);1233;http://avellano.fis.usal.es/~lalonso/RNA/index.htm;redes neuronales;Documento resumen de los anteriores. Bastante sintético.;;Short;Spanish;Text
40;45-49 years old;Man;Ecuadorian;Spanish;Master;Computer engineering;Student;3rd year;Higher-level institution;4;Industrial ;Industrial Revolution;4-5 years;3011;https://es.scribd.com/document/339773312/Las-4-Revoluciones-Industriales;las 4 revoluciones industriales pdf;Síntesis corta y detallada de los aspectos primordiales que marcan a cada revolución;3012;https://www.agendaempresa.com/72101/cuatro-revoluciones-industriales/;Cuatro revoluciones industriales;lectura fácil y aspectos relevantes que identifican claramente a revolución;3013;https://geinfor.com/blog/industria-40/;hitos que han marcado a las revoluciones industriales 2.0, 3.0 y 4.0 en ppt;cantidad de información, lectura comprensible y detallada, cuadros explicativos de fácil asimilación y compresión;Éxitos en la investigación.;Short;Spanish;Text
41;40-44 years old;Man;Chilean;Spanish;PhD;Computer engineering;Lecturer;;Research group;2;Computer ;Artificial neural networks;> 10 years;1241;https://la.mathworks.com/discovery/deep-learning.html;redes neuronales profundas;El vocabulario y semántica es correcto y proporcionado por Mathworks, compañía proveedora de Matlab, la cual esta dentro de las herramientas más potentes para uso de redes neuronales. Además, gran parte de la documentación tiene citas formales.;1242;https://la.mathworks.com/discovery/neural-network.html;redes neuronales matlab;Resumen explicativo de redes neuronales;1243;http://www.itnuevolaredo.edu.mx/takeyas/Apuntes/Inteligencia%20Artificial/Apuntes/tareas_alumnos/RNA/Redes%20Neuronales2.pdf;redes neuronales historia;Un resumen simple del origen y evolución de las redes neuronales artificiales;;Long;Spanish;Text
42;35-39 years old;Man;Ecuadorian;Spanish;PhD;Industrial engineering;Lecturer;;Higher-level institution;5;Industrial ;Industrial Revolution;6-9 years;3021;https://profeenhistoria.com/revolucion-industrial/;Revolución Industrial;Hace referencia de las dos primeras revoluciones industriales;3022;https://www.unprofesor.com/ciencias-sociales/caracteristicas-de-la-primera-revolucion-industrial-1760.html;Caracteristicas de la revolución industrial;Permite darle una continuidad a  la lectura sobre las revolución industrial;3023;http://40.70.207.114/documentosV2/La%20cuarta%20revolucion%20industrial-Klaus%20Schwab%20(1).pdf;cuarta revolución Industrial;Darle continuidad a la lectura;;Long;Spanish;Text
44;45-49 years old;Man;Chilean;Spanish;Master;Industrial engineering;Lecturer;;Higher-level institution;5;Industrial ;Industrial Revolution;6-9 years;3031;https://udimundus.udima.es/bitstream/handle/20.500.12226/174/bueno_analisis.pdf?sequence=1&isAllowed=y;revoluciones industriales 2.0 3.0 4.0;lenguaje y nomen-clatura digital en las organizaciones;3032;https://dialnet.unirioja.es/servlet/articulo?codigo=6489657;industria europa 1.0 a 4.0;para conocer el avance en Europa;3033;"http://uvadoc.uva.es/bitstream/handle/10324/29368/TFM-I-803.pdf;jsessionid=AF0913C9F485B8FD884FC960334F3707?sequence=1";industria 4.0 impresora 3d;impacto del paradigma de la impresora 3d;Tenemos que apuntar a una estrategia de formación bi-lingue desde la infancia, persiste la asimetría entre la cantidad de información en idioma inglés versus la información disponible en la web en idioma español (las publicaciones en idioma inglés superan a las publicaciones en idioma español).;Long;Spanish;Text
47;30-34 years old;Man;Chilean;Spanish;Master;Industrial engineering;Lecturer;;Higher-level institution;5;Finance ;Investment projects;2-3 years;2041;https://www.google.com/url?sa=t&source=web&rct=j&url=http://mail.eure.cl/index.php/eure/article/download/184/545&ved=2ahUKEwjU-JrV_KLkAhV4IrkGHXjjB90QFjABegQIAxAB&usg=AOvVaw1tuJ0tqxTm9KeqwLpVyDLn;Fondos de inversión inmobiliaria;Vocabulario y contexto general;2042;https://www.google.com/url?sa=t&source=web&rct=j&url=https://www.bcentral.cl/documents/20143/31860/bcch_presentac_162340_es.pdf/6703867c-dad7-5bab-f141-641cc36cfae2&ved=2ahUKEwjU-JrV_KLkAhV4IrkGHXjjB90QFjADegQICBAB&usg=AOvVaw3MKHvhEUuBpHnXFKWC4l-M;Sector Inmobiliario y Estabilidad Financiera;Documento oficial del banco central de chile;2043;https://www.google.com/url?sa=t&source=web&rct=j&url=http://www.clapesuc.cl/assets/uploads/2018/12/18-12-18-doc-trab-n52-su-precio-inmobiliarios.pdf&ved=2ahUKEwiMjqnR_aLkAhXiHbkGHd4GBtYQFjAQegQIBRAB&usg=AOvVaw1yCie5g-WqcF8M85IAzhGE;Precios del mercado inmobiliario;Saber los factores de decisión para definir el precio de un inmueble;Dentro de los temas si se puede acotar más el ámbito.;Long;Spanish;Text
49;40-44 years old;Man;Chilean;Spanish;PhD;Computer engineering;Student;;Higher-level institution;5;Computer ;Artificial neural networks;6-9 years;1251;http://avellano.fis.usal.es/~lalonso/RNA/index.htm;historia neurona artificial;tamaño, complejidad;1252;https://steemit.com/spanish/@iars.geo/breve-historias-de-las-redes-neuronales-artificiales-articulo-1;historia neurona artificial;complejidad baja, mayor profundidad en la contextualización;1253;https://www.xataka.com/robotica-e-ia/las-redes-neuronales-que-son-y-por-que-estan-volviendo;red neuronal importancia;explicación práctica y fácil;Interesante iniciativa, felicitaciones!, ya que en español hay muy poco material introductorio a estos temas.;Short;Spanish;Text
50;45-49 years old;Man;Chilean;Spanish;PhD;;Faculty;;Higher-level institution;4;Physics ;Quantum computing;> 10 years;4021;https://www.bbva.com/es/para-que-sirve-un-ordenador-cuantico/;computador cuántico;Dado que el documento está escrito en un lenguaje extremadamente simple y sin tecnicismos, puede llegar a una audiencia muy general. Además, explica con detalle el interés que distintos sectores económicos e industriales han comenzado a desarrollar por los computadores cuánticos. ;4022;https://es.gizmodo.com/como-funciona-la-computacion-cuantica-explicado-de-man-1796976460;Cómo funciona un computador cuántico;Explica claramente las diferencias entre computadores clásicos y cuánticos. Además, elabora sobra las distintas tecnologías empleadas para construir los prototipos de computadores cuánticos y las compañías que los han fabricado.;4023;https://www.bbc.com/mundo/noticias-38856796;construcción de computadores cuánticos;Muestra con bastante detalle y sin caer en tecnicismos una de las tecnologías actuales que se ha empleado para construir un prototipo de computador cuántico.;;Short;Spanish;Text
51;25-29 years old;Man;Chilean;Spanish;Bachelor;Laws;Student;6th year;Higher-level institution;5;Law ;Inheritance law in Chile;4-5 years;5021;https://es.m.wikipedia.org/wiki/Derecho_de_sucesiones;Derecho sucesorio;Aproximación general al tema en una fuente confiable.;5022;https://movil.eldefinido.cl/actualidad/pais/10482/A-quien-le-toca-la-fortuna-de-Juan-Guia-para-entender-el-sistema-de-herencia-en-Chile/;Desheredamiento Chile;Explicación práctica y aplicada del tema en un lenguaje sencillo. Responde la pregunta por el desheredamiento.;5023;https://www.bcn.cl/leyfacil/recurso/posesion-efectiva-sin-testamento;Sucesorio BCN;Refiere a un tema de gran utilidad práctica en un lenguaje sencillo. Tangencialmente trata los temas objeto de consulta. La fuente es confiable y remite a la legislación vigente. ;Habría preferido recomendar textos más académicos, sin embargo, me vi constreñido por la limitante de los 20 minutos. Tengo la sensación de que la estudio va dirigida a analizar el proceso de búsqueda de información en línea antes que a recopilar textos de utilidad para la mejor explicación de estas materias. Ello me lleva a responder con algo de desconfianza hacia los realizadores del estudio.;Short;Spanish;Text
52;25-29 years old;Man;Chilean;Spanish;Bachelor;Laws;Lecturer;;Higher-level institution;4;Law ;Inheritance law in Chile;2-3 years;5031;https://www.chileatiende.gob.cl/fichas/3364-posesion-efectiva-de-herencias-sin-testamento;derecho sucesorio chile;Fácil comprensión ;5032;https://www.bcn.cl/leyfacil/recurso/posesion-efectiva-sin-testamento;Derecho sucesorio chile;Información completa y de fácil comprensión ;5033;https://dudalegal.cl/que-es-un-testamento.html;derecho sucesorio chile;Información relevante de fácil comprensión ;;Short;Spanish;Text
53;50-54 years old;Man;Venezuelan;Spanish;PhD;Biomedical engineering;Lecturer;;Higher-level institution;4;Biology ;Bioethics of animal tissue cloning for human intake;> 10 years;6011;https://lagenetica.info/es/genetica-presente-y-futuro/la-clonacion-y-las-celulas-madre/;bioética clonación de tejidos animales;información relevante y fácil de entender;6012;https://www.bbvaopenmind.com/ciencia/investigacion/los-limites-de-la-clonacion/;bioética clonación de tejidos animales;Información actualizada y relevante;6013;https://www.actaodontologica.com/ediciones/2011/2/art-26/;bioética clonación de tejidos animales;Información relevante de la parte ética;;Short;Spanish;Text
54;55-59 years old;Man;Mexican;Spanish;PhD;Business;Lecturer;;Higher-level institution;3;Finance ;Investment projects;> 10 years;2051;http://www.finanzasparaemprendedores.planetadelibros.com/img/1capitulo.pdf;Finanzas para emprendedores;sencillo, corto y con datos concretos;2052;https://www.stodomingo.ute.edu.ec/content/102001-322-1-2-2-8/TEXTO_GUIA_1_El_e_m_p_r_e__n_d_e_d__o_r_de_E_x_i_t_o.pdf;El Emprendedor de Exito;Es una guía básica para cualquier emprendedor;2053;https://definicion.de/tasa-de-interes/;tasa de interés;la importancia de entender su concepto y cómo funciona (tiene faltas de tildes en período);Falta un poco más de contexto de la aplicación (tipo de programa);Long;Spanish;Text
55;30-34 years old;Woman;Chilean;Spanish;PhD;Physics;Lecturer;;Higher-level institution;5;Physics ;Quantum computing;6-9 years;4031;https://es.wikipedia.org/wiki/Computación_cuántica;computador clásico versus cuántico;Un buen resumen;4032;https://www.xataka.com/ordenadores/computacion-cuantica-que-es-de-donde-viene-y-que-ha-conseguido;computador clásico versus cuántico;Es más explicativo para alguien que no sabe de física cuántica;4033;https://www.bbc.com/mundo/noticias-38856796;como funciona un computador cuántico ;Da unda idea más tecnológica;Creo que deberían especificar mejor por ejemplo el idioma de los documentos que piden. Es difícil encontrar algo sobre computación cuántica en español y que sea relativamente correcto. ;Short;Spanish;Text
56;35-39 years old;Man;Mexican;Spanish;PhD;Physics;Lecturer;;Higher-level institution;4;Physics ;Quantum computing;4-5 years;4041;http://www.comoves.unam.mx/numeros/articulo/67/computacion-cuantica;Computación cuántica revista cómo ves;Elegí este documento porque la Revista ¿Cómo Ves? es un excelente medio de difusión de la ciencia en México. Esta revista va a dirigida al público en general por lo que sus contenidos pueden ser leídos por jóvenes de 14 años sin problemas. Además, los autores del artículo son reconocidos expertos mexicanos.;4042;https://www.revistac2.com/del-computo-cuantico-y-de-sus-universos-paralelos-parte-1/;Computadora cuántica revista c2;"La revista ""C2, ciencia y cultura"" es otro excelente medio mexicano de difusión de la ciencia. Este artículo, dividido en dos partes (aquí pongo el enlace de la primera parte), me pareció muy claro. Tiene algunos muy pocos detalles que podrían dificultarse para jóvenes de 14 años pero la mayor parte del artículo puede leerse sin problemas. El autor es un reconocido experto en el tema en México.";4043;https://www.revistac2.com/del-computo-cuantico-y-de-sus-universos-paralelos-parte-2/;Computadora cuántica revista c2;"La revista ""C2, ciencia y cultura"" es otro excelente medio mexicano de difusión de la ciencia. Este artículo, dividido en dos partes (aquí pongo el enlace de la segunda parte), me pareció muy claro. Tiene algunos muy pocos detalles que podrían dificultarse para jóvenes de 14 años pero la mayor parte del artículo puede leerse sin problemas. El autor es un reconocido experto en el tema en México.";;Short;Spanish;Text
58;30-34 years old;Man;Chilean;Spanish;PhD;Computer engineering;Lecturer;;Higher-level institution;5;Computer ;Artificial neural networks;4-5 years;1261;http://halweb.uc3m.es/esp/Personal/personas/jmmarin/esp/DM/tema3dm.pdf;redes neuronales aprendizaje;buena sistematización de los contenidos;1262;https://www.toptal.com/machine-learning/un-tutorial-de-aprendizaje-profundo-de-perceptrones-a-redes-profundas;redes neuronales tutorial;"Porque era aún más ""abordable"" que el primero e introduce al concepto de deep learning";1263;https://www.geekosas.com/index.php/2016/04/18/jugando-con-redes-neuronales/;simulación redes neuronales;porque contiene links a varios simuladores donde se puede ver en la práctica algunas configuraciones de redes de este tipo.;;Long;Spanish;Text
59;35-39 years old;Man;Chilean;Spanish;PhD;Computer engineering;Lecturer;;Higher-level institution;5;Computer ;Artificial neural networks;< 1 year;1271;https://es.wikipedia.org/wiki/Red_neuronal_artificial;wikipedia + red neuronal;Wikipedia es mi primera fuente para comenzar a introducirme en cualquier tema, tiene un vocabulario universal no muy formal y un nivel de profundidad adecuado para empezar. Además otorga hipervínculos para ampliar la búsqueda;1272;https://www.monografias.com/trabajos95/redes-neuronales-artificiales-metodologia-desarrollo-y-aplicaciones/redes-neuronales-artificiales-metodologia-desarrollo-y-aplicaciones.shtml;introduccion a redes neuronales;monografias.com es una página escrita de manera gratuita por voluntarios. En general los autores saben de lo que escriben. El artículo está bastante completo, e inicia dando una buena introducción de las redes neuronales biológicas;1273;https://es.mathworks.com/discovery/neural-network.html;introduccion a redes neuronales;Sitio de Matlab, una aplicación de desarrollo y análisis numérico que entre todas sus potencialidades, permite implementar redes neuronales. La gracia es que es un sitio fidedigno, y está orientado a la implementación práctica de redes neuronales para aplicaciones concretas, sin por ello prescindir de una explicación introductoria.;;Short;Spanish;Text
60;50-54 years old;Man;Chilean;Spanish;PhD;;Faculty;;Higher-level institution;5;Industrial ;Industrial Revolution;4-5 years;3041;https://es.wikipedia.org/wiki/Revolución_Industrial;revolución industrial;popular;3042;https://www.historialuniversal.com/2010/09/revolucion-industrial.html;revolución industrial;serio;3043;https://es.wikipedia.org/wiki/Segunda_Revolución_Industrial;segunda revolución industriial;popular, estándar;;Short;Spanish;Text
61;30-34 years old;Man;Chilean;Spanish;PhD;Electronic engineering;Lecturer;;Higher-level institution;0;Computer ;Artificial neural networks;4-5 years;1281;https://docs.google.com/presentation/d/e/2PACX-1vSprShgLH_5DiFdhVOopcHVnpX6pxydz-_Os1yhgEOD5X6oEaiVo7jhJJwT2Zzdqb3rR4KQZfEroUiu/pub?start=false&loop=false&delayms=3000;;material introductorio y simple;1282;https://www.toptal.com/machine-learning/un-tutorial-de-aprendizaje-profundo-de-perceptrones-a-redes-profundas;redes neuronales artificiales profundas simple;completo y en lenguaje simple pero se requiere más de 20 minutos para leerlo;1283;https://github.com/fcharte/Redes-Neuronales/blob/master/RedesNeuronales.md;"red neuronal profunda tutorial ""basico""";no encontré nada mejor en idioma español;;Long;Spanish;Text/Multimedia
62;25-29 years old;Woman;Chilean;Spanish;Bachelor;Industrial engineering;Student;5th year;Higher-level institution;4;Industrial ;Industrial Revolution;4-5 years;3051;https://enciclopediadehistoria.com/revolucion-industrial/;objetivo revolución industrial;Por que explica brevemente lo que es una revolución industrial, añade las causas y consecuencias;3052;https://prezi.com/sghdtzza_iqa/las-4-revoluciones-industriales/;las 4 revoluciones industriales prezi;Porque explica de una forma didáctica cada una de las revoluciones industriales a lo largo del tiempo.;3053;https://www.anepe.cl/wp-content/uploads/infografia_REVOLUCIONES_pdf.pdf;anepe revolucion industrial;Porque explica la etapa actual de la revolución indutrial tecnológica;"Me parece interesante que puedan orientar a los jovenes sobre la forma de informarse por la Web. A veces hay tanto contenido que no todos tienen la capacidad de saber por donde empezar a investigar o de que fuente fiarse.

";Short;Spanish;Text/Multimedia
63;35-39 years old;Man;Spanish;Spanish;PhD;Computer engineering;Lecturer;;Higher-level institution;5;Computer ;Artificial neural networks;> 10 years;1291;http://avellano.fis.usal.es/~lalonso/RNA/index.htm;¿Qué son la redes neuronales?;complejidad y tamaño;1292;https://www.ibm.com/support/knowledgecenter/es/SSLVMB_sub/statistics_mainhelp_ddita/spss/neural_network/nnet_whatis.html;¿Qué son la redes neuronales?;Simplicidad y tamaño;1293;https://www.t-systemsblog.es/redes-neuronales/;¿Qué son la redes neuronales?;Tamaño;;Short;Spanish;Text
64;30-34 years old;Man;Ecuadorian;Spanish;PhD;Computer engineering;Lecturer;;Research group;2;Computer ;Artificial neural networks;4-5 years;1301;https://planetachatbot.com/c%C3%B3mo-empezar-con-reconocimiento-de-imagen-y-redes-neuronales-convolucionales-en-5-minutos-7f651054dfd7;redes neuronales convolucionales paso a paso;vocabulario, primeras coincidencias del buscador;1302;https://medium.com/@jcrispis56/introducci%C3%B3n-al-deep-learning-parte-2-redes-neuronales-convolucionales-f743266d22a0;redes neuronales convolucionales paso a paso;Por el sitio web que presenta siempre material interesante del area;1303;https://es.quora.com/C%C3%B3mo-funcionan-las-redes-neuronales-convolucionales;redes neuronales convolucionales explicacion;Sitio web especializado en responder preguntas de forma sencilla;;Short;Spanish;Text
66;30-34 years old;Man;Ecuadorian;Spanish;Bachelor;Computer engineering;Lecturer;;Higher-level institution;3;Computer ;Artificial neural networks;4-5 years;1311;http://avellano.fis.usal.es/~lalonso/RNA/index.htm;que es una red neuronal;diversidad de ejemplos;1312;https://www.unocero.com/software/como-funcionan-las-redes-neuronales/;como funciona una red neuronal artificial;Por que se encuentra información detallado ;1313;https://www.codigofuente.org/redes-neuronales-profundas-tipos-caracteristicas/;que es una redes neuronal profundas;Por que se encuentra un resumen del tema;Las indicaciones para realizar el cuestionario deben estar mas resumidas, con ejemplos;Short;Spanish;Text
67;40-44 years old;Man;Ecuadorian;Spanish;Bachelor;Computer engineering;Lecturer;;Higher-level institution;3;Computer ;Artificial neural networks;> 10 years;1321;https://medium.com/@williamkhepri/redes-neuronales-que-son-a64d022298e0;que es una red neuronal;información clara y con ejemplos;1322;https://zonaia.com/tutoriales-machine-learning/redes-neuronales-profundas/;que es una red neuronal profunda;información resumida;1323;https://www.ibm.com/support/knowledgecenter/es/SS3RA7_sub/modeler_mainhelp_client_ddita/components/neuralnet/neuralnet_model.html;como funciona una red neuronal;fuente de información de IBM;La encuesta no es muy amigable para realizarla desde el celular;Short;Spanish;Text
68;25-29 years old;Man;Chilean;Spanish;Bachelor;Computer engineering;Student;6th year;Higher-level institution;4;Computer ;Artificial neural networks;< 1 year;1331;https://towardsdatascience.com/machine-learning-for-beginners-an-introduction-to-neural-networks-d49f22d238f9;neural network and deep learning;Documento rápido de leer, explica de manera simple que es una red neurona, sus componentes y funcionamiento. Buena introducción al tema.;1332;https://www.educba.com/neural-networks-vs-deep-learning/;neural network and deep learning;Aunque es un curso se puede ver a presentación sobre la comparación entre red neuronal y deep learning de manera simple y grafica.;1333;https://machinelearningmastery.com/a-tour-of-machine-learning-algorithms/;machine learning algorithms;Descripción de los algoritmos, las diferencias entre esots explicado con imagenes y no muy complejo.;;Short;English;Text
69;25-29 years old;Man;Chilean;Spanish;Master;Computer engineering;Student;1st year;Higher-level institution;4;Computer ;Artificial neural networks;< 1 year;1341;https://www.xataka.com/robotica-e-ia/las-redes-neuronales-que-son-y-por-que-estan-volviendo;qué es una red neuronal artificial;Lo elegí por que la información es suficiente y correcta;1342;https://blogthinkbig.com/redes-neuronales-deep-learning;redes neuronales;Lo elegí porque puede ayudar a entender las diferencias del aprendizaje automatico y el aprendizaje profundo;1343;https://www.bbvaopenmind.com/tecnologia/mundo-digital/que-es-el-aprendijaze-profundo/;qué es el aprendizaje profundo;Con este último documento es posible reforzar lo visto en los otros dos documentos. Sigue explicando o mismo pero de otra manera.;Mucho éxito con el trabajo;Short;Spanish;Text
70;30-34 years old;Man;Chilean;Spanish;Master;Computer engineering;Lecturer;;Higher-level institution;5;Computer ;Artificial neural networks;4-5 years;1351;https://juncotic.com/redes-neuronales-artificiales-que-son/;De la neurona a la red neuronal;tamaño, complejidad media, cantidad de información, ejemplos.;1352;https://blog.enzymeadvisinggroup.com/redes-neuronales-artificiales-y-deep-learning;Redes neuronales para dummies;Lectura de complejidad media, hartos ejemplos, nada de cálculos... se entiende la idea. Si lo hubiera encontrado antes lo pongo en 1er lugar;1353;http://www.cs.us.es/~fsancho/?e=72;Redes neuronales para dummies;Simbología... siempre que se pone simbología matemática todo es más difícil y menos entendible para una persona que aun tiene ciertos conocimientos limitados...;Un texto simple de un conocimiento complejo, es oro puro.;Short;Spanish;Text
71;18-24 years old;Man;Colombian;Spanish;Bachelor;Biomedical engineering;Lecturer;;Higher-level institution;5;Computer ;Artificial neural networks;2-3 years;1361;https://www.xataka.com/robotica-e-ia/las-redes-neuronales-que-son-y-por-que-estan-volviendo;funcionamiento de redes neuronales;sigo el blog compartido y me parece que sus informes son muy detallados;1362;https://www.ibm.com/support/knowledgecenter/es/SSLVMB_sub/statistics_mainhelp_ddita/spss/neural_network/nnet_whatis.html;Explicación de redes neuronales;es un blog que resalta la importacioa y parte de lo más basico para explicar que es una red neuronal;1363;https://medium.com/@williamkhepri/redes-neuronales-que-son-a64d022298e0;Redes neuronales;Describe un poco de historia para saber como nace esta técnica de programación y sus aportes, además de la explicación detallada de que son.;Quedo atento a sus resultados.;Short;Spanish;Text
72;45-49 years old;Man;Argentinian;Spanish;PhD;Biomedical engineering;Lecturer;;Research group;5;Computer ;Artificial neural networks;> 10 years;1371;https://medium.com/@williamkhepri/redes-neuronales-que-son-a64d022298e0;que son las redes neuronales ;baja complejidad y da sólo generalidades no matemáticas;1372;http://avellano.fis.usal.es/~lalonso/RNA/index.htm;redes neuronales artificiales resumen;Contiene definiciones técnicas importantes, sin ser matemáticamente pesado;1373;http://colision-de-ideas.blogspot.com/2015/01/neuronas-artificiales-en-la-vida.html;redes neuronales aplicaciones vida cotidiana;Cierra un panorama general contando aplicaciones a dominios muy diversos;;Short;Spanish;Text
73;30-34 years old;Man;Argentinian;Spanish;PhD;Computer engineering;Faculty;;Research group;4;Computer ;Artificial neural networks;6-9 years;1381;https://github.com/lbugnon/kinderNet;;Aplicacion práctica para experiencias con redes neuronales y reconocimeinto de imágenes;1382;https://blog.gft.com/es/2018/11/06/como-usar-redes-neuronales-lstm-en-la-prediccion-de-averias-en-las-maquinas/;;lstm simple;1383;https://www.aprendemachinelearning.com/como-funcionan-las-convolutional-neural-networks-vision-por-ordenador/;redes convolucionales;simple para todos;;Long;Spanish;Text
74;50-54 years old;Man;Colombian;Spanish;PhD;Computer engineering;Lecturer;;Higher-level institution;5;Computer ;Artificial neural networks;> 10 years;1391;https://www.xataka.com/robotica-e-ia/las-redes-neuronales-que-son-y-por-que-estan-volviendo;;Es ágil y es fácil de entender;1392;https://scratch.mit.edu/projects/141053002/;;Permite ver como se hacen los cálculos en un perceptron;1393;http://avellano.fis.usal.es/~lalonso/RNA/index.htm;;Es academico;;Short;Spanish;Text/Multimedia
75;45-49 years old;Man;Colombian;Spanish;PhD;Electronic engineering;Lecturer;;Higher-level institution;4;Physics ;Quantum computing;4-5 years;4051;https://www.redalyc.org/pdf/784/78430105.pdf;Qubit principio de superposición;Ofrece una breve reseña de la historia de la computación cuántica, y la definición de los conceptos de superposición y entrelazamiento cuántica.;4052;https://www.etsisi.upm.es/sites/default/files/ste_cc_ic_procesamiento_cuantico_de_la_informacion.pdf;Computación cuántica clasica qubit teletransportación;Ofrece mayores detalles sobre los conceptos de superposición y entrelazamiento cuántico, su diferencia sobre la computación clásica, y aplicaciones diversas como la teletransportación de qubits.;4053;https://blog.kaleidos.net/hello-world-cuantico/;qubit ibm computación cuántica;Este documento ofrece una introducción a la programación cuántica, usando una plataforma de programación basada en Python de libre uso y desarrollada por IBM. Este documento presenta ejemplos sencillos de implementación de las compuertas cuánticas básicas.;Antes del estudio de estos temas sobre computación cuántica, recomiendo una introducción o repaso del álgebra básica de vectores y matrices. No se requiere saber mecánica cuántica para aprender computación cuántica.;Long;Spanish;Text
76;35-39 years old;Man;Argentinian;Spanish;PhD;Computer engineering;Lecturer;;Research group;4;Computer ;Artificial neural networks;> 10 years;1401;https://www.xataka.com/robotica-e-ia/las-redes-neuronales-que-son-y-por-que-estan-volviendo;redes neuronales;vocabulario, simpleza;1402;https://www.ibm.com/support/knowledgecenter/es/SS3RA7_sub/modeler_mainhelp_client_ddita/components/neuralnet/neuralnet_model.html;redes neuronales;vocabulario, simpleza;1403;https://www.aprendemachinelearning.com/breve-historia-de-las-redes-neuronales-artificiales/;redes neuronales;vocabulario, simpleza;;Short;Spanish;Text
77;50-54 years old;Woman;Colombian;Spanish;Master;Industrial engineering;Lecturer;;Higher-level institution;4;Industrial ;Industrial Revolution;2-3 years;3061;http://ocw.innova.uned.es/epica/his_contempo/contenidos/html/unidad2/unidad001_1.html;de las industrias agrarias a las industriales;es preciso y claro en la explicación ;3062;https://www.caracteristicas.co/segunda-revolucion-industrial/;expansion del proceso industrial ;explica de manera secuencial este proceso;3063;https://www.webyempresas.com/tercera-revolucion-industrial/;revolución tecnológica;corto y preciso;;Short;Spanish;Text
78;40-44 years old;Woman;Colombian;Spanish;PhD;Computer engineering;Lecturer;;Higher-level institution;5;Computer ;Artificial neural networks;2-3 years;1411;http://www.sc.ehu.es/ccwbayes/docencia/mmcc/docs/t8neuronales.pdf;Redes neuronales;Explica en detalle lo que son las redes neuronales, pero además lo hace en pocas páginas. ;1412;https://www.xataka.com/robotica-e-ia/las-redes-neuronales-que-son-y-por-que-estan-volviendo;redes neuronales como funcionan;Explica porque han vuelto las redes neuronales.;1413;https://www.unocero.com/software/como-funcionan-las-redes-neuronales/;redes neuronales explicación;Es un texto bastante sencillo. ;;Long;Spanish;Text
79;40-44 years old;Man;Colombian;Spanish;Master;Industrial engineering;Lecturer;;Higher-level institution;4;Industrial ;Industrial Revolution;2-3 years;3071;http://www.idartes.gov.co/sites/default/files/2019-02/cartilla_artistas_jovenes_emprendedores.pdf;cartilla 4.0 para jóvenes pdf;Enfoque académico orientado hacia el emprendimiento.;3072;https://www.semana.com/educacion/articulo/cuarta-revolucion-industrial-una-reforma-para-el-sistema-educativo/599090;ppt industria 4.0 para jóvenes;Actualidad;3073;https://www.talentodigital.gov.co/635/w3-article-98228.html;industria 4.0 en colegios;Se presenta un ejemplo motivador para los jóvenes estudiantes.;;Short;Spanish;Text
80;35-39 years old;Woman;Colombian;Spanish;Master;Industrial engineering;Lecturer;;Higher-level institution;3;Industrial ;Industrial Revolution;2-3 years;3081;http://bachiller.sabuco.com/historia/revolucionesindustriales.pdf;REVOLUCIÓN INDUSTRIAL - EVOLUCIÓN - BREVE;De lenguaje sencillo, contiene imágenes, es corto ;3082;https://www2.deloitte.com/content/dam/Deloitte/co/Documents/about-deloitte/Revoluci%C3%B3n%204.0%20142201.pdf;REVOLUCIÓN INDUSTRIAL - INDUSTRIA 4.0;Es de actualidad, y tiene enfoque a la industria 4.0;3083;http://scielo.sld.cu/pdf/rus/v10n5/2218-3620-rus-10-05-153.pdf;REVOLUCION INDUSTRIAL - BREVE ;Es corto el texto, sencillo de leer y amplia en la última revolución industrial;;Short;Spanish;Text
81;35-39 years old;Woman;Chilean;Spanish;PhD;Computer engineering;Faculty;;Higher-level institution;5;Computer ;Artificial neural networks;< 1 year;1421;https://www.analyticslane.com/2018/05/23/implementacion-de-una-red-neuronal-desde-cero/;redes neuronales desde cero;tamaño del documento y vocabulario;1422;https://sites.google.com/site/mayinteligenciartificial/unidad-4-redes-neuronales;que son las redes neuronales inteligencia artificial;simple incluye video;1423;http://pabloem.github.io/Programando-una-red-neuronal/;redes neuronales ejemplo sencillos;ejmplo práctico;;Short;Spanish;Text
82;45-49 years old;Man;Ecuadorian;Spanish;PhD;Computer engineering;Student;5th year;Higher-level institution;5;Finance ;Investment projects;6-9 years;2061;https://dialnet.unirioja.es/descarga/articulo/3996606.pdf;Evaluación económica de proyectos de inversión;comprensión de la lectura, marco conceptual diverso y metodología utilizada;2062;https://dialnet.unirioja.es/descarga/articulo/5761552.pdf;herramientas financieras para evaluar proyectos de inversión;cantidad de información, aplicabilidad y estrategias para evaluación de proyectos de inversión;2063;https://es.slideshare.net/robertoespinoza581187/conceptos-y-teorias-sobre-proyectos;Formulación y Evaluación de proyectos de inversión;cantidad de información, claridad de la información, aspectos claves en la inversión;Interesante investigación en pro del aprendizaje permanente. Éxitos.;Long;Spanish;Text/Multimedia
84;35-39 years old;Man;Spanish;Spanish;PhD;Physics;Lecturer;;Research group;5;Physics ;Quantum computing;6-9 years;4061;https://www.jotdown.es/2017/04/la-carrera-ordenador-cuantico/;;Extenso artículo, bien desarrollado, información actualizada;4062;https://www.bbvaopenmind.com/tecnologia/innovacion/la-carrera-por-el-ordenador-cuantico/;carrera computador cuántico;actualizado, bien explicado, accesible;4063;https://es.wikipedia.org/wiki/Computaci%C3%B3n_cu%C3%A1ntica;;Extenso, actualizado,buenas referencias;;Short;Spanish;Text
85;35-39 years old;Man;Spanish;Spanish;PhD;Physics;Lecturer;;Research group;3;Physics ;Quantum computing;6-9 years;4071;https://elpais.com/tecnologia/2017/08/28/actualidad/1503873287_654592.html;ninguna, ya lo tenía archivado;menor complejidad, acceso libre;4072;https://blog.movetia.com/que-es-la-computacion-cuantica/;blog computación cuántica;menor complejidad, ejemplos, acceso libre;4073;https://yungranpasoparalahumanidad.blogspot.com/2019/02/computacion-cuantica-elias-fernandez.html;computacion cuantica para estudiantes;Mayor nivel de detalles, acceso libre;;Short;Spanish;Text
87;30-34 years old;Man;Chilean;Spanish;PhD;Physics;Faculty;;Research group;5;Physics ;Quantum computing;6-9 years;4081;https://www.lavanguardia.com/ciencia/20191023/471160827253/guia-ordenador-cuantico-google.html;Ordenador cuantico;Corto, preciso, claro;4082;https://www.fayerwayer.com/2013/09/qubit-la-unidad-fundamental-del-futuro-informatico-y-tecnologico/;Qubit;Información concisa y practica del qubit;4083;https://es.m.wikipedia.org/wiki/C%C3%BAbit;Qubit;Información más completa y detallada del qubit. Para profundizar un poco mas;Buena iniciativa. A veces un buen material audiovisual puede ser rápido de entender que un texto;Short;Spanish;Text
90;60 years or older;Man;Argentinian;Spanish;Master;Business;Lecturer;;Higher-level institution;5;Finance ;Investment projects;> 10 years;2071;http://www.monografias.com/trabajos16/proyecto-inversion/proyecto-inversion.shtml#INTRO;Proyectos de inversión para no financieros .doc;Complejidad de la lectura;2072;https://www.eoi.es/es/file/18724/download?token=5DV7ObUl;Idem anterior;Sencillez de las explicaciones;2073;http://fcasua.contad.unam.mx/apuntes/interiores/docs/20172/administracion/8/LA_1825_13067_A_Admon_proyectos_invers.pdf;Idem anterior;Exhaustividad en el tratamiento del tema;;Long;Spanish;Text
91;35-39 years old;Man;Chilean;Spanish;PhD;Industrial engineering;Lecturer;;Higher-level institution;5;Industrial ;Industrial Revolution;6-9 years;3091;https://hbsp.harvard.edu/product/IIR182-PDF-ENG?Ntt=industry+4.0&itemFindingMethod=Search;Cyber-Physical Value Chains;Es un excelente artículo sobre el tema y es adecuado en extensión para públicos de alumnos de pregrado y postgrado;3092;https://hbsp.harvard.edu/product/R1411D-PDF-ENG?Ntt=bigdata&itemFindingMethod=Search;bigdata, sensors;Artículo muy relevante en el tema y largo adecuado;3093;https://hbsp.harvard.edu/product/R1210C-PDF-ENG?Ntt=bigdata&itemFindingMethod=Search;bigdata, management revolution;Artículo central en el tema de la revolución industrial actual;;Long;English;Text
93;35-39 years old;Man;Spanish;Spanish;PhD;Physics;Faculty;;Research group;2;Physics ;Quantum computing;> 10 years;4091;https://www.xataka.com/ordenadores/computacion-cuantica-que-es-de-donde-viene-y-que-ha-conseguido;Computación cuántica;Es sencillo, sin fórmulas, y da una visión general. Tiene puntos que no son del todo correctos, pero no afectan a la comprensión general;4092;https://es.wikipedia.org/wiki/Cúbit;Qubit cuántico;Es un documento más técnico que el anterior que introduce las matemáticas básicas. Muy posiblemente un estudiante medio de secundaria se pierda con la notación, ya que no se estudia en secundaria, pero los conceptos en sí de álgebra lineal sí serían accesibles con una lección introductoria muy breve.;4093;http://www.criptored.upm.es/crypt4you/temas/cuantica/leccion3/leccion03.html;Algoritmo cuántico;Es el documento más técnico con diferencia y es muy posible que no sean capaces de seguir las matemáticas en detalle, pero sí coger una idea general del porqué los recursos cuánticos permiten acelerar la computación;Desafortunadamente, la computación cuántica es un tema cuyo idioma nativo es el inglés, y los recursos didácticos en español son pocos y de una calidad relativa. ;Short;Spanish;Text/Multimedia
94;55-59 years old;Man;Chilean;Spanish;Master;;Student;2nd year;Higher-level institution;5;Computer ;Artificial neural networks;4-5 years;1431;https://es.wikipedia.org/wiki/Red_neuronal_artificial;redes neuronales;complejidad de la lectura y tamaño del documento;1432;https://www.xataka.com/robotica-e-ia/las-redes-neuronales-que-son-y-por-que-estan-volviendo;redes neuronales;complejidad de la lectura y tamaño del documento;1433;https://www.codigofuente.org/redes-neuronales-profundas-tipos-caracteristicas/;redes neuronales profundas;complejidad de la lectura y tamaño del documento;Considero que las rectricciones sobre los documentos a leer son apropiadas para el rango de edad especificado de los estudiantes;Short;Spanish;Text
95;35-39 years old;Man;Mexican;Spanish;PhD;Biomedical engineering;Faculty;;Higher-level institution;4;Computer ;Artificial neural networks;4-5 years;1441;https://la.mathworks.com/discovery/neural-network.html;matlab redes neuronales;Es un tutorial bien realizado, en particular por la disponibilidad de ejemplos varios.;1442;https://www.toptal.com/machine-learning/un-tutorial-de-aprendizaje-profundo-de-perceptrones-a-redes-profundas;tutorial redes neuronales;Da una introducción sobre diversos modelos de aprendizaje automático, no solamente redes neuronales;1443;https://unipython.com/desarrolla-primera-red-neural-python-keras-paso-paso/;redes neuronales para principiantes;Principalmente por el contenido práctico que te lleva de la mano para crear tu primer programa de red neuronal artificial;;Short;Spanish;Text
97;40-44 years old;Woman;Chilean;Spanish;PhD;Computer engineering;Student;1st year;Higher-level institution;5;Computer ;Artificial neural networks;< 1 year;1451;https://www.ticbeat.com/tecnologias/como-funcionan-las-redes-neuronales-artificiales-te-lo-explicamos-de-forma-sencilla/;redes neuronales artificiales para principiantes;texto breve, vocabulario sencillo, analogías con el cerebro humano, explica la idea general de las redes neuronales.;1452;https://www.bbc.com/mundo/noticias-41051680;redes neuronales profundas para adolescentes;ejemplos atractivos, formato de entrevista, vocabulario relativamente sencillo, ejemplos de la región;1453;https://blogthinkbig.com/redes-neuronales-deep-learning;redes neuronales y redes profundas diferencias;texto breve, vocabulario sencillo, se centra únicamente en las diferencias entre ambos tipos de redes.;Todo bien y muy claro;Short;Spanish;Text
98;35-39 years old;Man;Chilean;Spanish;Master;Computer engineering;Student;1st year;Higher-level institution;5;Computer ;Artificial neural networks;2-3 years;1461;http://pabloem.github.io/Programando-una-red-neuronal/;código perceptron;Importancia en la materia;1462;https://eligeeducar.cl/aprendizaje-profundo-se-puede-alcanzar;aprendizaje profundo;Importante para entender el por qué el auge actual en el tema;1463;https://software.intel.com/es-es/ai/courses/tensorflow;aprendizaje profundo tensorflow;Aprender una API actual y práctica para el tema;;Long;Spanish;Text
99;40-44 years old;Man;Spanish;Spanish;PhD;;Lecturer;;Higher-level institution;2;Physics ;Quantum computing;< 1 year;4101;https://www.investigacionyciencia.es/revistas/investigacion-y-ciencia/el-origen-de-la-tecnologa-709/la-charla-15393;investigación y ciencia la charla;Es gracioso y despierta el interés (pero puede considerarse no adecuado para menores);4102;https://twitter.com/albaclierta/status/1138192171998339074?lang=es;Alba Cervera hilo computación cuántica;Es un hilo de Twitter escrito por una investigadora joven experta en el tema;4103;https://es.gizmodo.com/como-funciona-la-computacion-cuantica-explicado-de-man-1796976460;computación cuántica sencilla;Es un documento más extenso que cubre los aspectos básicos, la pena es que no encontré nada similar escrito por algún experto/a;;Short;Spanish;Text/Multimedia
100;18-24 years old;Man;Chilean;Spanish;Bachelor;Computer engineering;Student;6th year;Higher-level institution;1;Computer ;Artificial neural networks;< 1 year;1471;https://www.researchgate.net/publication/317153113_Deep_Learning_in_Medical_Imaging_General_Overview/link/59283f2daca27295a8057862/download;Deep Learning in Medical Imaging: General Overview;Explicación clara de redes neuronales, deep learning, redes convencionales y ejemplos médicos.;1472;http://publicaciones.unisimonbolivar.edu.co/rdigital/ojs/index.php/identic/article/view/1489/1425;"Redes Neuronales Artificiales: Una Revisión del Estado del Arte, Aplicaciones Y Tendencias
Futuras";Revision de la literatura e investigación sobre todo el tema, y en español.;1473;https://www.aprendemachinelearning.com/crear-una-red-neuronal-en-python-desde-cero/;aprende redes neuronales;Simpleza y ejemplos practicas para iniciar.;;Long;Spanish/English;Text
101;35-39 years old;Woman;Venezuelan;Spanish;PhD;Computer engineering;Student;1st year;Higher-level institution;4;Computer ;Artificial neural networks;< 1 year;1481;https://www.bbvaopenmind.com/tecnologia/mundo-digital/que-es-el-aprendijaze-profundo/;¿qué es una red neuronal?, ¿qué es una red neuronal profunda?, ¿en qué se diferencian?, de manera general ¿cómo funcionan?;Lectura sencilla para el público objetivo que ofrece suficiente información para responder a las preguntas;1482;https://www.xataka.com/robotica-e-ia/las-redes-neuronales-que-son-y-por-que-estan-volviendo;¿qué es una red neuronal?, ¿qué es una red neuronal profunda?, ¿en qué se diferencian?, de manera general ¿cómo funcionan?;Este documento además de explicar los conceptos, vincula la información con el uso actual de las redes neuronales;1483;https://www.frro.utn.edu.ar/repositorio/catedras/quimica/5_anio/orientadora1/monograias/matich-redesneuronales.pdf;¿qué es una red neuronal?, ¿qué es una red neuronal profunda?, ¿en qué se diferencian?, de manera general ¿cómo funcionan?;Este trabajo permite ampliar aún mas las definiciones anteriormente presentadas;;Short;Spanish;Text
102;35-39 years old;Man;Chilean;Spanish;Master;Mathematics;Student;1st year;Research group;5;Computer ;Artificial neural networks;2-3 years;1491;https://inteligencia-analitica.com/introduccion-a-redes-neuronales/;redes neuronales introducción;Es corto, no entra en detalles técnicos;1492;https://www.aprendemachinelearning.com/crear-una-red-neuronal-en-python-desde-cero/;redes neuronales introducción;Muestra código con el que se puede ensayar;1493;https://iartificial.net/redes-neuronales-desde-cero-i-introduccion/;redes neuronales introducción;Es difícil encontrar buen material en español, sería más recomendable trabajar con tutoriales en ingles, hay mucho contenido en línea y de mucho mayor calidad.;;Short;Spanish;Text
103;50-54 years old;Man;Ecuadorian;Spanish;PhD;Astronautics;Faculty;;Research group;4;Physics ;Quantum computing;> 10 years;4111;https://es.wikipedia.org/wiki/Computaci%C3%B3n_cu%C3%A1ntica;computacion cuantica; Complejidad de la lectura, cantidad de información, vocabulario;4112;https://www.xataka.com/ordenadores/computacion-cuantica-que-es-de-donde-viene-y-que-ha-conseguido;computadora cuantica;el origen o fuente;4113;https://www.bbvaopenmind.com/tecnologia/mundo-digital/informatica-cuantica/;informatica cuantica;fuente, autor;;Short;Spanish;Text
106;55-59 years old;Man;Chilean;Spanish;PhD;Chemical engineer;Student;6th year;Higher-level institution;4;Industrial ;Industrial Revolution;6-9 years;3101;https://www.ingenioindustrial40.com/2018/04/13/la-primera-revolucion-industrial-la-industria-4-0/;Revoluciones industriales;Porque entrega una lectura que motiva a estudiantes de ingeniería a saber más del tema.;3102;https://www.stockabee.com/logistica-1a4/;Hitos de las revoluciones industriales;Porque entrega información más específica y resalta conceptos, personas e hitos en las diferentes revoluciones.;3103;https://www.worldenergytrade.com/articulos-tecnicos/energias-alternativas-at/industria-4-0-la-necesidad-de-gestionar-la-transicion-para-afrontar-el-impacto-de-las-nuevas-tecnologias;Revoluciones industriales en la actualidad;Porque da más detalles de la revolución 4.0 que es la que nuestros ingenieros deben comprender más profundamente, manejarse y usar para innovar.;;Short;Spanish;Text
107;25-29 years old;Man;Argentinian;Spanish;PhD;Physics;Student;2nd year;Research group;3;Physics ;Quantum computing;2-3 years;4121;https://www.ic-itcr.ac.cr/~jcastro/libro/libro/node4.html;introducción computación cuántica;Extensión relativamente corta, presentación del contexto anterior a la computación cuántica en forma histórica;4122;https://www.techedgegroup.com/es/blog/introduccion-computacion-cuantica-i;introducción computación cuántica;Continúa con la descripción histórica del primer texto y reseña otros acontecimientos posteriores importantes para el desarrollo de la computación cuántica;4123;https://www.techedgegroup.com/es/blog/introduccion-computacion-cuantica-ii;introducción computación cuántica;Continuación del segundo texto, describe los detalles más básicos dentro de la teoría desarrollada dentro del área;;Short;Spanish;Text
108;30-34 years old;Woman;Colombian;Spanish;PhD;Chemical engineer;Faculty;;Higher-level institution;0;Biology ;Bioethics of animal tissue cloning for human intake;< 1 year;6021;http://www.scielo.org.co/scielo.php?script=sci_arttext&pid=S0121-07932019000400338&lang=es;Bioética;Me parece una buena introducción teórica y bien fundamentada al tema de la bioética en la investigación con animales desde un punto de vista filosófico e histórico.;6022;https://elgatoylacaja.com/de-ratones-y-humanos/;Bioética;Por el tema que trata, donde con un ejemplo claro, muestra como en las ciencias nunca hay una verdad absoluta y que la investigación con animales es uno de esos temas polémicos, difíciles de llegar a una sola conclusión. Es un punto interesante para debatir. ;6023;https://elgatoylacaja.com/noticias/monos-clonos/;Bioética;Por el lenguaje, lo corto que es y su planteamiento, especialmente me parecen de interés las preguntas finales para reflexionar y debatir después de todo lo leído. ;Solo agradecer por la invitación a participar y espero conocer los resultados de este estudio. Muchos éxitos.;Short;Spanish;Text